"Status","Start Time","Stop Time","Duration in ms","Parent Suite","Suite","Sub Suite","Test Class","Test Method","Name","Description"
"passed","Wed Feb 02 11:05:29 EET 2022","Wed Feb 02 11:05:47 EET 2022","18068","","My Profile > Communications Preferences","","My Profile > Communications Preferences","#9 Player can unselect all preferences using the select all toggle (select all toggle already active), which upon saving updates the account area accordingly","#9 Player can unselect all preferences using the select all toggle (select all toggle already active), which upon saving updates the account area accordingly",""
"passed","Wed Feb 02 10:53:35 EET 2022","Wed Feb 02 10:53:41 EET 2022","5205","","Home page => Privacy Policy page","","Home page => Privacy Policy page","#0 User can come to the Privacy Policy page","#0 User can come to the Privacy Policy page",""
"passed","Wed Feb 02 11:04:22 EET 2022","Wed Feb 02 11:04:33 EET 2022","11616","","My Account > Settings > Change Password","","My Account > Settings > Change Password","#03 New Password is a mandatory field.","#03 New Password is a mandatory field.",""
"passed","Wed Feb 02 10:53:29 EET 2022","Wed Feb 02 10:53:36 EET 2022","6551","","404 error page functionality testing.","","404 error page functionality testing.","#2 All elements are persisted on 404 error page.","#2 All elements are persisted on 404 error page.",""
"passed","Wed Feb 02 11:00:42 EET 2022","Wed Feb 02 11:00:51 EET 2022","8884","","Registration > Step 4","","Registration > Step 4","#01 User is displayed the correct content and defaut options for Step 4.","#01 User is displayed the correct content and defaut options for Step 4.",""
"passed","Wed Feb 02 10:53:20 EET 2022","Wed Feb 02 10:53:24 EET 2022","3851","","Service unavailable","","Service unavailable","#0 User come to the Error 500 page, when service is unavailable","#0 User come to the Error 500 page, when service is unavailable",""
"passed","Wed Feb 02 10:59:38 EET 2022","Wed Feb 02 10:59:44 EET 2022","5665","","Recover Password","","Recover Password","#02 Player cannot submit a blank email address on the recover password form.","#02 Player cannot submit a blank email address on the recover password form.",""
"failed","Wed Feb 02 11:07:01 EET 2022","Wed Feb 02 11:07:22 EET 2022","21451","","My Account > Gambling Controls > Account Closure > Self Exclusion","","My Account > Gambling Controls > Account Closure > Self Exclusion","#18 Player can close the self exclusion modal.","#18 Player can close the self exclusion modal.",""
"passed","Wed Feb 02 10:59:00 EET 2022","Wed Feb 02 10:59:23 EET 2022","23081","","My Account > Gambling Controls > Loss Limits","","My Account > Gambling Controls > Loss Limits","#14 User cannot set a Loss Limit higher than the maximum amount. ","#14 User cannot set a Loss Limit higher than the maximum amount. ",""
"passed","Wed Feb 02 11:02:02 EET 2022","Wed Feb 02 11:02:09 EET 2022","6670","","Registration > Step 3","","Registration > Step 3","#15 Phone Number is a mandatory field.","#15 Phone Number is a mandatory field.",""
"passed","Wed Feb 02 11:03:42 EET 2022","Wed Feb 02 11:03:55 EET 2022","13029","","My Profile > Communications Preferences","","My Profile > Communications Preferences","#1 Player can view their communication preferences (default preferences: empty communication preferences and English language)","#1 Player can view their communication preferences (default preferences: empty communication preferences and English language)",""
"passed","Wed Feb 02 10:53:59 EET 2022","Wed Feb 02 10:54:07 EET 2022","8334","","Home page => Privacy Policy page","","Home page => Privacy Policy page","#3 User can come to the Merkur Casino page from Privacy Policy page","#3 User can come to the Merkur Casino page from Privacy Policy page",""
"passed","Wed Feb 02 11:04:13 EET 2022","Wed Feb 02 11:04:27 EET 2022","14188","","My Account > Gambling Controls > Account Closure > Self Exclusion","","My Account > Gambling Controls > Account Closure > Self Exclusion","#3 Player can press 'Back' button of the 'Self Exlusion' modal.","#3 Player can press 'Back' button of the 'Self Exlusion' modal.",""
"passed","Wed Feb 02 11:04:27 EET 2022","Wed Feb 02 11:04:41 EET 2022","14084","","Spin Zone functionality testing","","Spin Zone functionality testing","#4 Player can see total withdrawable cash balance","#4 Player can see total withdrawable cash balance",""
"passed","Wed Feb 02 10:55:47 EET 2022","Wed Feb 02 10:55:55 EET 2022","8075","","Inbox functionality testing","","Inbox functionality testing","#12 Player with less than 15 messages should not be able to view more","#12 Player with less than 15 messages should not be able to view more",""
"passed","Wed Feb 02 10:54:32 EET 2022","Wed Feb 02 10:54:44 EET 2022","12388","","Inbox functionality testing","","Inbox functionality testing","#6 Player can open message and display the message contents (heading, date/time & body)","#6 Player can open message and display the message contents (heading, date/time & body)",""
"passed","Wed Feb 02 11:00:55 EET 2022","Wed Feb 02 11:00:59 EET 2022","3888","","Registration > Step 2","","Registration > Step 2","#08 User cannot enter invalid characters into step 2 name input fields.","#08 User cannot enter invalid characters into step 2 name input fields.",""
"passed","Wed Feb 02 10:58:21 EET 2022","Wed Feb 02 10:58:33 EET 2022","11996","","My Profile > Contact Details","","My Profile > Contact Details","#05 Player try to update invalid phone number.","#05 Player try to update invalid phone number.",""
"passed","Wed Feb 02 11:04:14 EET 2022","Wed Feb 02 11:04:24 EET 2022","9550","","My Account -> Deposit","","My Account -> Deposit","#3 Check user is able to fill in details of required fields for card deposits","#3 Check user is able to fill in details of required fields for card deposits",""
"passed","Wed Feb 02 10:54:00 EET 2022","Wed Feb 02 10:54:10 EET 2022","9698","","Homepage","","Homepage","#5 The details balance card is dismissed when the user clicks outside the modal","#5 The details balance card is dismissed when the user clicks outside the modal",""
"skipped","Wed Feb 02 10:56:46 EET 2022","Wed Feb 02 10:56:46 EET 2022","1","","My Account > Gambling Controls > Account Closure > Take A Break","","My Account > Gambling Controls > Account Closure > Take A Break","#6 Player can select a reason for taking a break from the drop down menu.","#6 Player can select a reason for taking a break from the drop down menu.",""
"passed","Wed Feb 02 10:53:36 EET 2022","Wed Feb 02 10:53:37 EET 2022","909","","404 error page functionality testing.","","404 error page functionality testing.","#3 Player can click ""Logo"" button and after that it will redirect to Home page.","#3 Player can click ""Logo"" button and after that it will redirect to Home page.",""
"passed","Wed Feb 02 10:57:23 EET 2022","Wed Feb 02 10:57:35 EET 2022","12174","","My Account > Gambling Controls > Account Closure > Take A Break","","My Account > Gambling Controls > Account Closure > Take A Break","#10 Player can choose 6 weeks option for 'Take A Break' and this option should be selected.","#10 Player can choose 6 weeks option for 'Take A Break' and this option should be selected.",""
"passed","Wed Feb 02 11:00:21 EET 2022","Wed Feb 02 11:00:28 EET 2022","6936","","Recover Password","","Recover Password","#08 Player can submit an email address which does not exist and still receives a success message on submitting the recover password form.","#08 Player can submit an email address which does not exist and still receives a success message on submitting the recover password form.",""
"passed","Wed Feb 02 10:53:48 EET 2022","Wed Feb 02 10:53:59 EET 2022","10120","","Home page => Privacy Policy page","","Home page => Privacy Policy page","#2 User can come to the Merkur Slots page from Privacy Policy page","#2 User can come to the Merkur Slots page from Privacy Policy page",""
"passed","Wed Feb 02 10:54:06 EET 2022","Wed Feb 02 10:54:15 EET 2022","8319","","Home page => Responsible Gambling page","","Home page => Responsible Gambling page","#1 User can come to the Be Gamble Aware page from Responsible Gambling page","#1 User can come to the Be Gamble Aware page from Responsible Gambling page",""
"passed","Wed Feb 02 11:05:59 EET 2022","Wed Feb 02 11:06:11 EET 2022","11421","","My Account > Gambling Controls > Account Closure > Self Exclusion","","My Account > Gambling Controls > Account Closure > Self Exclusion","#13 Player can continue with chosen 12 months option to 'Self Exclusion' and confirming modal should display.","#13 Player can continue with chosen 12 months option to 'Self Exclusion' and confirming modal should display.",""
"passed","Wed Feb 02 11:01:14 EET 2022","Wed Feb 02 11:01:20 EET 2022","6380","","Registration > Step 4","","Registration > Step 4","#07 User can opt in to receive Phone marketing preferences.","#07 User can opt in to receive Phone marketing preferences.",""
"passed","Wed Feb 02 10:54:25 EET 2022","Wed Feb 02 10:54:34 EET 2022","8378","","Home => Terms & Conditions","","Home => Terms & Conditions","#5 User can come to the Gamble Aware page from terms and conditions page","#5 User can come to the Gamble Aware page from terms and conditions page",""
"passed","Wed Feb 02 10:53:28 EET 2022","Wed Feb 02 10:53:30 EET 2022","1713","","Expired Link Error","","Expired Link Error","#2 All elements are persisted on the page. ","#2 All elements are persisted on the page. ",""
"passed","Wed Feb 02 11:02:12 EET 2022","Wed Feb 02 11:02:18 EET 2022","6459","","Registration > Step 4","","Registration > Step 4","#04 User can opt in to receive Email marketing preferences.","#04 User can opt in to receive Email marketing preferences.",""
"passed","Wed Feb 02 10:54:23 EET 2022","Wed Feb 02 10:54:29 EET 2022","5905","","Home page => Responsible Gambling page","","Home page => Responsible Gambling page","#4 User can come to the ""Block Access to Gambling Websites and Apps Worldwide"" page from Responsible Gambling page","#4 User can come to the ""Block Access to Gambling Websites and Apps Worldwide"" page from Responsible Gambling page",""
"passed","Wed Feb 02 10:56:46 EET 2022","Wed Feb 02 10:56:59 EET 2022","12577","","My Account > Gambling Controls > Account Closure > Take A Break","","My Account > Gambling Controls > Account Closure > Take A Break","#7 Player can choose 24 hours option for 'Take A Break' and this option should be selected.","#7 Player can choose 24 hours option for 'Take A Break' and this option should be selected.",""
"passed","Wed Feb 02 10:53:24 EET 2022","Wed Feb 02 10:53:26 EET 2022","1603","","Service unavailable","","Service unavailable","#1 User can come to the home page from Error 500 page","#1 User can come to the home page from Error 500 page",""
"passed","Wed Feb 02 10:54:54 EET 2022","Wed Feb 02 10:54:57 EET 2022","3055","","Log In","","Log In","#12 Players inputs into the password field should be masked by default.","#12 Players inputs into the password field should be masked by default.",""
"passed","Wed Feb 02 11:06:35 EET 2022","Wed Feb 02 11:06:50 EET 2022","15722","","My Profile > Communications Preferences","","My Profile > Communications Preferences","#13 Player can uneselect just post preferences using the post toggle (post already toggled on), which upon saving updates the account area accordingly","#13 Player can uneselect just post preferences using the post toggle (post already toggled on), which upon saving updates the account area accordingly",""
"passed","Wed Feb 02 10:58:34 EET 2022","Wed Feb 02 10:58:47 EET 2022","12767","","My Profile > Personal Details","","My Profile > Personal Details","#01 Player can view their personal details.","#01 Player can view their personal details.",""
"passed","Wed Feb 02 10:53:25 EET 2022","Wed Feb 02 10:53:29 EET 2022","4352","","404 error page functionality testing.","","404 error page functionality testing.","#1 404 error page is displayed.","#1 404 error page is displayed.",""
"passed","Wed Feb 02 10:58:42 EET 2022","Wed Feb 02 10:58:58 EET 2022","16345","","My Account > Gambling Controls > Account Closure > Take A Break","","My Account > Gambling Controls > Account Closure > Take A Break","#16 Player can press 'BACK' for confirmating modal after chosen for 24 hours 'Take A Break' and should return to previous step.","#16 Player can press 'BACK' for confirmating modal after chosen for 24 hours 'Take A Break' and should return to previous step.",""
"passed","Wed Feb 02 10:54:42 EET 2022","Wed Feb 02 10:54:48 EET 2022","5987","","Log In","","Log In","#06 Player cannot login when entering an incorrect email address.","#06 Player cannot login when entering an incorrect email address.",""
"passed","Wed Feb 02 10:57:49 EET 2022","Wed Feb 02 10:58:02 EET 2022","13337","","My Account > Gambling Controls > Account Closure > Take A Break","","My Account > Gambling Controls > Account Closure > Take A Break","#12 Player can continue with chosen 1 week option to 'Take A Break' and confirming modal should display.","#12 Player can continue with chosen 1 week option to 'Take A Break' and confirming modal should display.",""
"passed","Wed Feb 02 11:05:26 EET 2022","Wed Feb 02 11:05:41 EET 2022","15134","","Spin Zone functionality testing","","Spin Zone functionality testing","#8 Player can open 'Search Games' modal","#8 Player can open 'Search Games' modal",""
"passed","Wed Feb 02 10:55:16 EET 2022","Wed Feb 02 10:55:35 EET 2022","18981","","Inbox functionality testing","","Inbox functionality testing","#10 Deleting a message from the inbox which is marked as new should decrease the unread message count badge","#10 Deleting a message from the inbox which is marked as new should decrease the unread message count badge",""
"passed","Wed Feb 02 11:00:51 EET 2022","Wed Feb 02 11:01:06 EET 2022","15479","","Registration > Step 4","","Registration > Step 4","#02 User can navigate back to the previous step.","#02 User can navigate back to the previous step.",""
"passed","Wed Feb 02 11:01:23 EET 2022","Wed Feb 02 11:01:29 EET 2022","6736","","Registration > Step 3","","Registration > Step 3","#07 User cannot enter invalid characters into the Address Line 1 field.","#07 User cannot enter invalid characters into the Address Line 1 field.",""
"passed","Wed Feb 02 10:56:33 EET 2022","Wed Feb 02 10:56:46 EET 2022","13612","","My Account > Gambling Controls > Account Closure > Take A Break","","My Account > Gambling Controls > Account Closure > Take A Break","#5 Player cannot continue with 'Take A Break' if a duration is not selected.","#5 Player cannot continue with 'Take A Break' if a duration is not selected.",""
"passed","Wed Feb 02 10:55:02 EET 2022","Wed Feb 02 10:55:06 EET 2022","4079","","Log In","","Log In","#14 Player can select the link to recover their password.","#14 Player can select the link to recover their password.",""
"passed","Wed Feb 02 11:05:03 EET 2022","Wed Feb 02 11:05:15 EET 2022","11497","","My Account > Gambling Controls > Account Closure > Self Exclusion","","My Account > Gambling Controls > Account Closure > Self Exclusion","#9 Player can choose 18 months option for 'Self Exclusion' and this option should be selected.","#9 Player can choose 18 months option for 'Self Exclusion' and this option should be selected.",""
"passed","Wed Feb 02 10:54:53 EET 2022","Wed Feb 02 10:55:01 EET 2022","8328","","Homepage","","Homepage","#10 User is displayed with a shortened balance in the preview section when balance exceeds 9999 (five figure balance)","#10 User is displayed with a shortened balance in the preview section when balance exceeds 9999 (five figure balance)",""
"passed","Wed Feb 02 10:54:49 EET 2022","Wed Feb 02 10:54:56 EET 2022","7210","","Home => Terms & Conditions","","Home => Terms & Conditions","#8 User can come to the eCOGRA page from terms and conditions page","#8 User can come to the eCOGRA page from terms and conditions page",""
"passed","Wed Feb 02 11:00:43 EET 2022","Wed Feb 02 11:00:56 EET 2022","12897","","Registration > Step 3","","Registration > Step 3","#02 User can navigate back to the previous step.","#02 User can navigate back to the previous step.",""
"passed","Wed Feb 02 11:05:54 EET 2022","Wed Feb 02 11:06:10 EET 2022","15531","","Spin Zone functionality testing","","Spin Zone functionality testing","#10 Player can close game","#10 Player can close game",""
"passed","Wed Feb 02 10:53:48 EET 2022","Wed Feb 02 10:54:01 EET 2022","12187","","Inbox functionality testing","","Inbox functionality testing","#2 Unread message count increases when player receives a new message (requires page refresh)","#2 Unread message count increases when player receives a new message (requires page refresh)",""
"passed","Wed Feb 02 11:06:05 EET 2022","Wed Feb 02 11:06:20 EET 2022","14756","","My Profile > Communications Preferences","","My Profile > Communications Preferences","#11 Player can uneselect just text preferences using the text toggle (text already toggled on), which upon saving updates the account area accordingly","#11 Player can uneselect just text preferences using the text toggle (text already toggled on), which upon saving updates the account area accordingly",""
"passed","Wed Feb 02 11:02:20 EET 2022","Wed Feb 02 11:02:26 EET 2022","5083","","Registration > Step 3","","Registration > Step 3","#18 Country Code is populated by default.","#18 Country Code is populated by default.",""
"passed","Wed Feb 02 11:05:01 EET 2022","Wed Feb 02 11:05:14 EET 2022","13624","","My Profile > Communications Preferences","","My Profile > Communications Preferences","#7 Player can edit their preferences and select just the Post toggle, which upon saving updates the account area accordingly","#7 Player can edit their preferences and select just the Post toggle, which upon saving updates the account area accordingly",""
"passed","Wed Feb 02 11:04:55 EET 2022","Wed Feb 02 11:05:06 EET 2022","10966","","My Account -> Deposit","","My Account -> Deposit","#7 Check user is able to deposit with a valid card and is presented with success modal","#7 Check user is able to deposit with a valid card and is presented with success modal",""
"passed","Wed Feb 02 11:05:12 EET 2022","Wed Feb 02 11:05:26 EET 2022","13577","","Spin Zone functionality testing","","Spin Zone functionality testing","#7 Player can see recently played games","#7 Player can see recently played games",""
"passed","Wed Feb 02 10:53:28 EET 2022","Wed Feb 02 10:53:33 EET 2022","5716","","Home page => Responsible Gambling page","","Home page => Responsible Gambling page","#0 User can come to the Cookie Policy page","#0 User can come to the Cookie Policy page",""
"passed","Wed Feb 02 10:59:23 EET 2022","Wed Feb 02 10:59:45 EET 2022","21492","","My Account > Gambling Controls > Loss Limits","","My Account > Gambling Controls > Loss Limits","#15 User can submit a blank value in the Loss Limit. ","#15 User can submit a blank value in the Loss Limit. ",""
"passed","Wed Feb 02 11:05:41 EET 2022","Wed Feb 02 11:05:54 EET 2022","13245","","Spin Zone functionality testing","","Spin Zone functionality testing","#9 Player can see Exit Game button in bottom right","#9 Player can see Exit Game button in bottom right",""
"passed","Wed Feb 02 10:53:27 EET 2022","Wed Feb 02 10:53:32 EET 2022","5448","","Homepage","","Homepage","#1 Player can navigate to the registration page via the 'Join'.","#1 Player can navigate to the registration page via the 'Join'.",""
"passed","Wed Feb 02 11:00:00 EET 2022","Wed Feb 02 11:00:17 EET 2022","17197","","My Account > Gambling Controls > Deposit Limits","","My Account > Gambling Controls > Deposit Limits","#22 Player can open 'How deposit limits work' modal.","#22 Player can open 'How deposit limits work' modal.",""
"passed","Wed Feb 02 11:03:35 EET 2022","Wed Feb 02 11:03:39 EET 2022","4709","","Footer functionality testing","","Footer functionality testing","#1 Player can see a light grey bar at the top of the footer","#1 Player can see a light grey bar at the top of the footer",""
"passed","Wed Feb 02 10:54:45 EET 2022","Wed Feb 02 10:55:04 EET 2022","18825","","My Account > Gambling Controls > Loss Limits","","My Account > Gambling Controls > Loss Limits","#1 User can view their Loss limits ","#1 User can view their Loss limits ",""
"passed","Wed Feb 02 11:03:42 EET 2022","Wed Feb 02 11:03:57 EET 2022","15663","","My Account > Settings > Change Password","","My Account > Settings > Change Password","#00 Player can close the Change Password modal.","#00 Player can close the Change Password modal.",""
"passed","Wed Feb 02 10:55:37 EET 2022","Wed Feb 02 10:55:50 EET 2022","12402","","My Account > Gambling Controls > Deposit Limits","","My Account > Gambling Controls > Deposit Limits","#5 Player can open the Deposit Limits Edit modal on edit icon click.","#5 Player can open the Deposit Limits Edit modal on edit icon click.",""
"passed","Wed Feb 02 11:00:17 EET 2022","Wed Feb 02 11:00:19 EET 2022","2374","","Registration > Step 1","","Registration > Step 1","#07 User can not enter an invaild email address (no @ sign).","#07 User can not enter an invaild email address (no @ sign).",""
"passed","Wed Feb 02 10:53:24 EET 2022","Wed Feb 02 10:53:28 EET 2022","3745","","Expired Link Error","","Expired Link Error","#1 Expired Link Error page is displayed","#1 Expired Link Error page is displayed",""
"passed","Wed Feb 02 10:59:45 EET 2022","Wed Feb 02 11:00:05 EET 2022","20441","","My Account > Gambling Controls > Loss Limits","","My Account > Gambling Controls > Loss Limits","#16 User can only enter numeric digits into the set Loss Limit field. ","#16 User can only enter numeric digits into the set Loss Limit field. ",""
"passed","Wed Feb 02 11:01:02 EET 2022","Wed Feb 02 11:01:06 EET 2022","3356","","Registration > Step 2","","Registration > Step 2","#12 User cannot enter an invalid date into the date of birth field.","#12 User cannot enter an invalid date into the date of birth field.",""
"passed","Wed Feb 02 11:04:06 EET 2022","Wed Feb 02 11:04:17 EET 2022","10555","","My Profile > Communications Preferences","","My Profile > Communications Preferences","#3 Player can edit their preferences and exit using the Cancel CTA within the modal discarding changes","#3 Player can edit their preferences and exit using the Cancel CTA within the modal discarding changes",""
"passed","Wed Feb 02 11:00:30 EET 2022","Wed Feb 02 11:00:36 EET 2022","5498","","Registration > Step 2","","Registration > Step 2","#01 User is displayed the correct content and input fields for Step 2.","#01 User is displayed the correct content and input fields for Step 2.",""
"passed","Wed Feb 02 10:59:50 EET 2022","Wed Feb 02 10:59:55 EET 2022","4940","","Recover Password","","Recover Password","#04 Player can select the 'Cancel and Back To Login' link and is displayed the login section.","#04 Player can select the 'Cancel and Back To Login' link and is displayed the login section.",""
"passed","Wed Feb 02 10:59:17 EET 2022","Wed Feb 02 10:59:33 EET 2022","15747","","My Account > Gambling Controls > Deposit Limits","","My Account > Gambling Controls > Deposit Limits","#19 Player can only enter numeric digits into the set Deposit Limit field.","#19 Player can only enter numeric digits into the set Deposit Limit field.",""
"passed","Wed Feb 02 10:57:35 EET 2022","Wed Feb 02 10:57:50 EET 2022","14536","","My Account > Gambling Controls > Deposit Limits","","My Account > Gambling Controls > Deposit Limits","#13 Player can open the Deposit Limits Delete modal on delete icon click and click on edit icon in the input field.","#13 Player can open the Deposit Limits Delete modal on delete icon click and click on edit icon in the input field.",""
"passed","Wed Feb 02 10:55:06 EET 2022","Wed Feb 02 10:55:12 EET 2022","6891","","Log In","","Log In","#15 Player can successfully Log In when entering valid details.","#15 Player can successfully Log In when entering valid details.",""
"passed","Wed Feb 02 10:59:14 EET 2022","Wed Feb 02 10:59:35 EET 2022","21222","","My Account > Gambling Controls > Account Closure > Take A Break","","My Account > Gambling Controls > Account Closure > Take A Break","#18 Player can press 'CONFIRM' to finish 'Take A Break' a for 24 hours and should be logged out and unable to sign back into their account.","#18 Player can press 'CONFIRM' to finish 'Take A Break' a for 24 hours and should be logged out and unable to sign back into their account.",""
"passed","Wed Feb 02 10:59:42 EET 2022","Wed Feb 02 10:59:45 EET 2022","3421","","Registration > Step 1","","Registration > Step 1","#01 User is displayed the correct content and input fields for Step 1.","#01 User is displayed the correct content and input fields for Step 1.",""
"passed","Wed Feb 02 11:03:39 EET 2022","Wed Feb 02 11:03:42 EET 2022","2167","","Footer functionality testing","","Footer functionality testing","#2 Player can see payment logos","#2 Player can see payment logos",""
"passed","Wed Feb 02 10:55:01 EET 2022","Wed Feb 02 10:55:10 EET 2022","8632","","Homepage","","Homepage","#11 User is displayed with the correct cash balance format in the dropdown card when balance exceeds 9999 (five figure balance)","#11 User is displayed with the correct cash balance format in the dropdown card when balance exceeds 9999 (five figure balance)",""
"passed","Wed Feb 02 10:58:17 EET 2022","Wed Feb 02 10:58:37 EET 2022","19851","","My Account > Gambling Controls > Loss Limits","","My Account > Gambling Controls > Loss Limits","#12 User can successfully change their Loss Limit with a decimal value and receive a success toast on submitting the new amount. ","#12 User can successfully change their Loss Limit with a decimal value and receive a success toast on submitting the new amount. ",""
"passed","Wed Feb 02 11:01:39 EET 2022","Wed Feb 02 11:01:51 EET 2022","12156","","Registration > Step 4","","Registration > Step 4","#11 User can click and view the Privacy Policy.","#11 User can click and view the Privacy Policy.",""
"passed","Wed Feb 02 10:53:37 EET 2022","Wed Feb 02 10:53:38 EET 2022","1422","","404 error page functionality testing.","","404 error page functionality testing.","#4 Player can click ""Join"" button and after that it will redirect to Register page.","#4 Player can click ""Join"" button and after that it will redirect to Register page.",""
"passed","Wed Feb 02 10:54:32 EET 2022","Wed Feb 02 10:54:37 EET 2022","4732","","Log In","","Log In","#04 Player cannot submit blank details on the Login Form.","#04 Player cannot submit blank details on the Login Form.",""
"passed","Wed Feb 02 10:55:55 EET 2022","Wed Feb 02 10:56:06 EET 2022","10587","","Inbox functionality testing","","Inbox functionality testing","#13 Unread message count is not present on Inbox navigation bar icon if no messages","#13 Unread message count is not present on Inbox navigation bar icon if no messages",""
"passed","Wed Feb 02 10:56:18 EET 2022","Wed Feb 02 10:56:33 EET 2022","15449","","My Account > Gambling Controls > Deposit Limits","","My Account > Gambling Controls > Deposit Limits","#8 Player can close the Deposit Limits Delete modal","#8 Player can close the Deposit Limits Delete modal",""
"passed","Wed Feb 02 11:02:26 EET 2022","Wed Feb 02 11:02:31 EET 2022","5498","","Registration > Step 3","","Registration > Step 3","#19 User can select a Country Code from the dropdown menu.","#19 User can select a Country Code from the dropdown menu.",""
"passed","Wed Feb 02 10:54:15 EET 2022","Wed Feb 02 10:54:19 EET 2022","3890","","Home page => Responsible Gambling page","","Home page => Responsible Gambling page","#2 User can come to the ""Help for problem gambling"" page from Responsible Gambling page","#2 User can come to the ""Help for problem gambling"" page from Responsible Gambling page",""
"passed","Wed Feb 02 10:56:08 EET 2022","Wed Feb 02 10:56:22 EET 2022","14432","","My Account > Gambling Controls > Play Reminders","","My Account > Gambling Controls > Play Reminders","#5 Player can select a time limit from the drop down menu.","#5 Player can select a time limit from the drop down menu.",""
"passed","Wed Feb 02 11:02:06 EET 2022","Wed Feb 02 11:02:12 EET 2022","6381","","Registration > Step 4","","Registration > Step 4","#03 User can opt in to receive All marketing preferences.","#03 User can opt in to receive All marketing preferences.",""
"passed","Wed Feb 02 11:05:35 EET 2022","Wed Feb 02 11:05:47 EET 2022","11214","","My Account > Settings > Change Password","","My Account > Settings > Change Password","#09 New password must contain a combination of upper and lower case letters (all lower case).","#09 New password must contain a combination of upper and lower case letters (all lower case).",""
"passed","Wed Feb 02 10:55:22 EET 2022","Wed Feb 02 10:55:38 EET 2022","16466","","My Account > Gambling Controls > Play Reminders","","My Account > Gambling Controls > Play Reminders","#2 Player can close the 'Time Limit' modal.","#2 Player can close the 'Time Limit' modal.",""
"passed","Wed Feb 02 11:04:45 EET 2022","Wed Feb 02 11:05:00 EET 2022","14332","","My Account > Settings > Change Password","","My Account > Settings > Change Password","#05 Player should be displayed an error if they submit the Change Password form with an incorrect Current Password.","#05 Player should be displayed an error if they submit the Change Password form with an incorrect Current Password.",""
"passed","Wed Feb 02 10:53:37 EET 2022","Wed Feb 02 10:53:40 EET 2022","2890","","Expired Link Error","","Expired Link Error","#7 User can click on x button and close reset password window. ","#7 User can click on x button and close reset password window. ",""
"passed","Wed Feb 02 10:59:01 EET 2022","Wed Feb 02 10:59:17 EET 2022","16985","","My Account > Gambling Controls > Deposit Limits","","My Account > Gambling Controls > Deposit Limits","#18 Player can submit a blank value in the Deposit Limits.","#18 Player can submit a blank value in the Deposit Limits.",""
"passed","Wed Feb 02 11:00:04 EET 2022","Wed Feb 02 11:00:10 EET 2022","6495","","Registration > Step 1","","Registration > Step 1","#05 User can select the 'Login' button on the 'Account already exists' drawer and is displayed the Login form.","#05 User can select the 'Login' button on the 'Account already exists' drawer and is displayed the Login form.",""
"passed","Wed Feb 02 10:57:13 EET 2022","Wed Feb 02 10:57:26 EET 2022","12569","","My Profile > Contact Details","","My Profile > Contact Details","#01 Player can view their contact details.","#01 Player can view their contact details.",""
"passed","Wed Feb 02 11:00:44 EET 2022","Wed Feb 02 11:00:48 EET 2022","3963","","Registration > Step 2","","Registration > Step 2","#05 Date of Birth is a mandatory field.","#05 Date of Birth is a mandatory field.",""
"passed","Wed Feb 02 10:54:12 EET 2022","Wed Feb 02 10:54:20 EET 2022","8603","","Inbox functionality testing","","Inbox functionality testing","#4 Player can see their message list, with messages displaying the correct information (if messages > 1)","#4 Player can see their message list, with messages displaying the correct information (if messages > 1)",""
"passed","Wed Feb 02 10:55:04 EET 2022","Wed Feb 02 10:55:22 EET 2022","18058","","My Account > Gambling Controls > Play Reminders","","My Account > Gambling Controls > Play Reminders","#1 Player can select to edit their 'Time Limit' and is displayed the Play Reminders modal.","#1 Player can select to edit their 'Time Limit' and is displayed the Play Reminders modal.",""
"passed","Wed Feb 02 11:03:44 EET 2022","Wed Feb 02 11:03:59 EET 2022","15746","","My Account -> Deposit","","My Account -> Deposit","#1 Check user is able to access the deposit modal via the account menu and is displayed with the option to fill in card details by default","#1 Check user is able to access the deposit modal via the account menu and is displayed with the option to fill in card details by default",""
"skipped","Wed Feb 02 11:04:27 EET 2022","Wed Feb 02 11:04:27 EET 2022","2","","My Account > Gambling Controls > Account Closure > Self Exclusion","","My Account > Gambling Controls > Account Closure > Self Exclusion","#4 Player cannot continue with 'Self Exclusion' if a reason is not selected.","#4 Player cannot continue with 'Self Exclusion' if a reason is not selected.",""
"passed","Wed Feb 02 11:00:19 EET 2022","Wed Feb 02 11:00:22 EET 2022","2513","","Registration > Step 1","","Registration > Step 1","#08 User can not enter an invaild email address (space in email).","#08 User can not enter an invaild email address (space in email).",""
"passed","Wed Feb 02 11:00:28 EET 2022","Wed Feb 02 11:00:31 EET 2022","2502","","Registration > Step 1","","Registration > Step 1","#13 Password is a mandatory field.","#13 Password is a mandatory field.",""
"passed","Wed Feb 02 11:06:11 EET 2022","Wed Feb 02 11:06:22 EET 2022","11252","","My Account > Gambling Controls > Account Closure > Self Exclusion","","My Account > Gambling Controls > Account Closure > Self Exclusion","#14 Player can continue with chosen 18 months option to 'Self Exclusion' and confirming modal should display.","#14 Player can continue with chosen 18 months option to 'Self Exclusion' and confirming modal should display.",""
"passed","Wed Feb 02 11:03:56 EET 2022","Wed Feb 02 11:04:10 EET 2022","14076","","Spin Zone functionality testing","","Spin Zone functionality testing","#2 Player can see Resume Game button in the top left of the screen","#2 Player can see Resume Game button in the top left of the screen",""
"passed","Wed Feb 02 10:54:29 EET 2022","Wed Feb 02 10:54:42 EET 2022","12790","","Homepage","","Homepage","#8 Cash amount is updated correctly in the dropdown details when cash balance is adjusted","#8 Cash amount is updated correctly in the dropdown details when cash balance is adjusted",""
"passed","Wed Feb 02 10:58:37 EET 2022","Wed Feb 02 10:59:00 EET 2022","23614","","My Account > Gambling Controls > Loss Limits","","My Account > Gambling Controls > Loss Limits","#13 User cannot set a Loss Limit lower than the minimum amount. ","#13 User cannot set a Loss Limit lower than the minimum amount. ",""
"passed","Wed Feb 02 11:04:10 EET 2022","Wed Feb 02 11:04:27 EET 2022","16348","","Spin Zone functionality testing","","Spin Zone functionality testing","#3 Player can close Game menu","#3 Player can close Game menu",""
"passed","Wed Feb 02 10:54:20 EET 2022","Wed Feb 02 10:54:32 EET 2022","11216","","Inbox functionality testing","","Inbox functionality testing","#5 Player can open message, removing the new badge from a message and decreasing the unread message count badge","#5 Player can open message, removing the new badge from a message and decreasing the unread message count badge",""
"passed","Wed Feb 02 11:00:31 EET 2022","Wed Feb 02 11:00:33 EET 2022","1855","","Registration > Step 1","","Registration > Step 1","#23 User cannot continue to next step if their password does not meet the minimum password requirements.","#23 User cannot continue to next step if their password does not meet the minimum password requirements.",""
"passed","Wed Feb 02 11:04:17 EET 2022","Wed Feb 02 11:04:31 EET 2022","14358","","My Profile > Communications Preferences","","My Profile > Communications Preferences","#4 Player can edit their preferences and toggle all preferences with the select all toggle, which upon saving updates the account area","#4 Player can edit their preferences and toggle all preferences with the select all toggle, which upon saving updates the account area",""
"passed","Wed Feb 02 11:00:34 EET 2022","Wed Feb 02 11:00:43 EET 2022","9128","","Registration > Step 3","","Registration > Step 3","#01 User is displayed the correct content and input fields for Step 3.","#01 User is displayed the correct content and input fields for Step 3.",""
"passed","Wed Feb 02 11:05:15 EET 2022","Wed Feb 02 11:05:27 EET 2022","12215","","My Account > Gambling Controls > Account Closure > Self Exclusion","","My Account > Gambling Controls > Account Closure > Self Exclusion","#10 Player can choose 2 years option for 'Self Exclusion' and this option should be selected.","#10 Player can choose 2 years option for 'Self Exclusion' and this option should be selected.",""
"passed","Wed Feb 02 11:03:57 EET 2022","Wed Feb 02 11:04:10 EET 2022","12242","","My Account > Settings > Change Password","","My Account > Settings > Change Password","#01 Player can cancel out of the Change Password modal.","#01 Player can cancel out of the Change Password modal.",""
"passed","Wed Feb 02 10:53:44 EET 2022","Wed Feb 02 10:53:55 EET 2022","10614","","404 error page functionality testing.","","404 error page functionality testing.","#7 Player can click ""Deposit"" button and open Deposit window.","#7 Player can click ""Deposit"" button and open Deposit window.",""
"passed","Wed Feb 02 10:54:12 EET 2022","Wed Feb 02 10:54:22 EET 2022","10911","","Log In","","Log In","#01 Player can open the Log In modal and is displayed with the correct fields.","#01 Player can open the Log In modal and is displayed with the correct fields.",""
"passed","Wed Feb 02 10:59:44 EET 2022","Wed Feb 02 10:59:50 EET 2022","6546","","Recover Password","","Recover Password","#03 Player cannot enter an invaild email address.","#03 Player cannot enter an invaild email address.",""
"passed","Wed Feb 02 10:57:50 EET 2022","Wed Feb 02 10:58:09 EET 2022","19651","","My Account > Gambling Controls > Deposit Limits","","My Account > Gambling Controls > Deposit Limits","#14 Player can successfully set Deposit Limit to the minimum allowed value and will receive a success toast on submitting the new amount.","#14 Player can successfully set Deposit Limit to the minimum allowed value and will receive a success toast on submitting the new amount.",""
"passed","Wed Feb 02 10:56:40 EET 2022","Wed Feb 02 10:56:58 EET 2022","18208","","My Account > Gambling Controls > Loss Limits","","My Account > Gambling Controls > Loss Limits","#7 User can open the Loss Limits Delete modal on edit icon click and click on edit icon in the input field ","#7 User can open the Loss Limits Delete modal on edit icon click and click on edit icon in the input field ",""
"passed","Wed Feb 02 11:03:42 EET 2022","Wed Feb 02 11:03:59 EET 2022","16547","","My Account > Gambling Controls > Account Closure > Self Exclusion","","My Account > Gambling Controls > Account Closure > Self Exclusion","#1 Player can select the 'Self Exclusion' menu item and is displayed the Self Exclusion modal.","#1 Player can select the 'Self Exclusion' menu item and is displayed the Self Exclusion modal.",""
"passed","Wed Feb 02 10:54:06 EET 2022","Wed Feb 02 10:54:11 EET 2022","4835","","Home => Terms & Conditions","","Home => Terms & Conditions","#1 User can come to the help center from terms and conditions page","#1 User can come to the help center from terms and conditions page",""
"passed","Wed Feb 02 10:53:44 EET 2022","Wed Feb 02 10:53:50 EET 2022","6125","","Expired Link Error","","Expired Link Error","#9 User can click on 'Back to Login' and open Login window and successfully login.","#9 User can click on 'Back to Login' and open Login window and successfully login.",""
"passed","Wed Feb 02 11:00:56 EET 2022","Wed Feb 02 11:01:02 EET 2022","6023","","Registration > Step 3","","Registration > Step 3","#03 Player can select the Manual Input button and is displayed the address inputs.","#03 Player can select the Manual Input button and is displayed the address inputs.",""
"passed","Wed Feb 02 11:07:22 EET 2022","Wed Feb 02 11:07:41 EET 2022","18648","","My Account > Gambling Controls > Account Closure > Self Exclusion","","My Account > Gambling Controls > Account Closure > Self Exclusion","#19 Player can continue with chosen 6 months option to 'Self Exclusion' and confirming modal should display.","#19 Player can continue with chosen 6 months option to 'Self Exclusion' and confirming modal should display.",""
"skipped","Wed Feb 02 11:04:40 EET 2022","Wed Feb 02 11:04:40 EET 2022","1","","My Account > Gambling Controls > Account Closure > Self Exclusion","","My Account > Gambling Controls > Account Closure > Self Exclusion","#6 Player can select a reason for taking self exclusion the drop down menu.","#6 Player can select a reason for taking self exclusion the drop down menu.",""
"passed","Wed Feb 02 11:04:24 EET 2022","Wed Feb 02 11:04:35 EET 2022","11132","","My Account -> Deposit","","My Account -> Deposit","#4 Check user is able to select Instant Bank Transfer and is provided with the correct information for this payment method","#4 Check user is able to select Instant Bank Transfer and is provided with the correct information for this payment method",""
"passed","Wed Feb 02 10:53:32 EET 2022","Wed Feb 02 10:53:40 EET 2022","7661","","Homepage","","Homepage","#2 Authenticated users can preview their balance in the navigation bar","#2 Authenticated users can preview their balance in the navigation bar",""
"passed","Wed Feb 02 11:05:58 EET 2022","Wed Feb 02 11:06:09 EET 2022","11355","","My Account > Settings > Change Password","","My Account > Settings > Change Password","#11 New password must not contain email address.","#11 New password must not contain email address.",""
"passed","Wed Feb 02 10:54:21 EET 2022","Wed Feb 02 10:54:25 EET 2022","4324","","Home => Terms & Conditions","","Home => Terms & Conditions","#4 User can come to the Responsible Gambling page from terms and conditions page","#4 User can come to the Responsible Gambling page from terms and conditions page",""
"passed","Wed Feb 02 10:53:33 EET 2022","Wed Feb 02 10:53:35 EET 2022","1794","","Expired Link Error","","Expired Link Error","#5 User can click on Login button and see Login page. ","#5 User can click on Login button and see Login page. ",""
"passed","Wed Feb 02 10:56:22 EET 2022","Wed Feb 02 10:56:39 EET 2022","17334","","My Account > Gambling Controls > Play Reminders","","My Account > Gambling Controls > Play Reminders","#6 Player can successfully set a 'Time Limit'.","#6 Player can successfully set a 'Time Limit'.",""
"passed","Wed Feb 02 11:00:36 EET 2022","Wed Feb 02 11:00:39 EET 2022","3438","","Registration > Step 1","","Registration > Step 1","#29 User can successfully enter email address with uppercase letters.","#29 User can successfully enter email address with uppercase letters.",""
"passed","Wed Feb 02 10:58:02 EET 2022","Wed Feb 02 10:58:14 EET 2022","12240","","My Account > Gambling Controls > Account Closure > Take A Break","","My Account > Gambling Controls > Account Closure > Take A Break","#13 Player can continue with chosen 3 weeks option to 'Take A Break' and confirming modal should display.","#13 Player can continue with chosen 3 weeks option to 'Take A Break' and confirming modal should display.",""
"passed","Wed Feb 02 10:58:09 EET 2022","Wed Feb 02 10:58:25 EET 2022","15887","","My Account > Gambling Controls > Deposit Limits","","My Account > Gambling Controls > Deposit Limits","#15 Player can successfully change Deposit Limit with a decimal value and receive a success toast on submitting the new amount.","#15 Player can successfully change Deposit Limit with a decimal value and receive a success toast on submitting the new amount.",""
"passed","Wed Feb 02 10:57:26 EET 2022","Wed Feb 02 10:57:38 EET 2022","12021","","My Profile > Contact Details","","My Profile > Contact Details","#02 Player can select to edit their telephone number and be presented with an edit modal.","#02 Player can select to edit their telephone number and be presented with an edit modal.",""
"passed","Wed Feb 02 10:54:15 EET 2022","Wed Feb 02 10:54:21 EET 2022","5710","","Home => Terms & Conditions","","Home => Terms & Conditions","#3 User can come to the Gambling commission page from terms and conditions page","#3 User can come to the Gambling commission page from terms and conditions page",""
"passed","Wed Feb 02 11:01:09 EET 2022","Wed Feb 02 11:01:13 EET 2022","3487","","Registration > Step 2","","Registration > Step 2","#14 User cannot enter invalid characters into the date of birth field.","#14 User cannot enter invalid characters into the date of birth field.",""
"passed","Wed Feb 02 11:04:52 EET 2022","Wed Feb 02 11:05:03 EET 2022","11450","","My Account > Gambling Controls > Account Closure > Self Exclusion","","My Account > Gambling Controls > Account Closure > Self Exclusion","#8 Player can choose 12 months option for 'Self Exclusion' and this option should be selected.","#8 Player can choose 12 months option for 'Self Exclusion' and this option should be selected.",""
"passed","Wed Feb 02 11:04:46 EET 2022","Wed Feb 02 11:05:01 EET 2022","14679","","My Profile > Communications Preferences","","My Profile > Communications Preferences","#6 Player can edit their preferences and select just the Text toggle, which upon saving updates the account area accordingly","#6 Player can edit their preferences and select just the Text toggle, which upon saving updates the account area accordingly",""
"passed","Wed Feb 02 10:58:58 EET 2022","Wed Feb 02 10:59:14 EET 2022","15575","","My Account > Gambling Controls > Account Closure > Take A Break","","My Account > Gambling Controls > Account Closure > Take A Break","#17 Player can close the take a break modal.","#17 Player can close the take a break modal.",""
"passed","Wed Feb 02 10:54:44 EET 2022","Wed Feb 02 10:54:57 EET 2022","13008","","Inbox functionality testing","","Inbox functionality testing","#7 Player can mark a message as read using the message options, removing the new badge from a message and decreasing the unread message count badge","#7 Player can mark a message as read using the message options, removing the new badge from a message and decreasing the unread message count badge",""
"passed","Wed Feb 02 10:54:00 EET 2022","Wed Feb 02 10:54:06 EET 2022","6811","","Home => Terms & Conditions","","Home => Terms & Conditions","#0 User can come to the terms and conditions page","#0 User can come to the terms and conditions page",""
"passed","Wed Feb 02 11:00:05 EET 2022","Wed Feb 02 11:00:27 EET 2022","22261","","My Account > Gambling Controls > Loss Limits","","My Account > Gambling Controls > Loss Limits","#17 User can open 'How loss limits work' modal. ","#17 User can open 'How loss limits work' modal. ",""
"failed","Wed Feb 02 11:05:38 EET 2022","Wed Feb 02 11:05:59 EET 2022","21092","","My Account > Gambling Controls > Account Closure > Self Exclusion","","My Account > Gambling Controls > Account Closure > Self Exclusion","#12 Player can continue with chosen 6 months option to 'Self Exclusion' and confirming modal should display.","#12 Player can continue with chosen 6 months option to 'Self Exclusion' and confirming modal should display.",""
"passed","Wed Feb 02 11:04:27 EET 2022","Wed Feb 02 11:04:40 EET 2022","12717","","My Account > Gambling Controls > Account Closure > Self Exclusion","","My Account > Gambling Controls > Account Closure > Self Exclusion","#5 Player cannot continue with 'Self Exclusion' if a duration is not selected.","#5 Player cannot continue with 'Self Exclusion' if a duration is not selected.",""
"passed","Wed Feb 02 10:58:07 EET 2022","Wed Feb 02 10:58:21 EET 2022","13282","","My Profile > Contact Details","","My Profile > Contact Details","#04 Player can update their telephone number.","#04 Player can update their telephone number.",""
"passed","Wed Feb 02 10:54:42 EET 2022","Wed Feb 02 10:54:49 EET 2022","6648","","Home => Terms & Conditions","","Home => Terms & Conditions","#7 User can come to the GamStop page from terms and conditions page","#7 User can come to the GamStop page from terms and conditions page",""
"passed","Wed Feb 02 11:06:09 EET 2022","Wed Feb 02 11:06:21 EET 2022","11392","","My Account > Settings > Change Password","","My Account > Settings > Change Password","#12 Player cannot continue to next step if their new password does not meet the minimum password requirements.","#12 Player cannot continue to next step if their new password does not meet the minimum password requirements.",""
"passed","Wed Feb 02 11:06:47 EET 2022","Wed Feb 02 11:07:07 EET 2022","20584","","My Account > Settings > Change Password","","My Account > Settings > Change Password","#15 Player can successfully update and sign in with their new password.","#15 Player can successfully update and sign in with their new password.",""
"passed","Wed Feb 02 10:53:50 EET 2022","Wed Feb 02 10:54:03 EET 2022","13066","","Expired Link Error","","Expired Link Error","#10 User can click on 'Deposit' button opens Deposit window and successfully deposit.","#10 User can click on 'Deposit' button opens Deposit window and successfully deposit.",""
"passed","Wed Feb 02 10:59:31 EET 2022","Wed Feb 02 10:59:38 EET 2022","6674","","Recover Password","","Recover Password","#01 Player can navigate to the recover password form and is displayed with the correct fields.","#01 Player can navigate to the recover password form and is displayed with the correct fields.",""
"passed","Wed Feb 02 10:55:04 EET 2022","Wed Feb 02 10:55:21 EET 2022","16862","","My Account > Gambling Controls > Loss Limits","","My Account > Gambling Controls > Loss Limits","#2 User can open the Loss Limits Edit modal on edit icon click ","#2 User can open the Loss Limits Edit modal on edit icon click ",""
"passed","Wed Feb 02 10:54:48 EET 2022","Wed Feb 02 10:54:54 EET 2022","6336","","Log In","","Log In","#07 Player cannot login when entering an incorrect password.","#07 Player cannot login when entering an incorrect password.",""
"passed","Wed Feb 02 11:02:25 EET 2022","Wed Feb 02 11:02:31 EET 2022","6641","","Registration > Step 4","","Registration > Step 4","#09 User can select multiple marketing preferences.","#09 User can select multiple marketing preferences.",""
"passed","Wed Feb 02 10:53:43 EET 2022","Wed Feb 02 10:53:44 EET 2022","1253","","404 error page functionality testing.","","404 error page functionality testing.","#6 Player can click ""Go to lobby"" button and after that it will redirect to Home page.","#6 Player can click ""Go to lobby"" button and after that it will redirect to Home page.",""
"passed","Wed Feb 02 10:55:50 EET 2022","Wed Feb 02 10:56:05 EET 2022","15351","","My Account > Gambling Controls > Deposit Limits","","My Account > Gambling Controls > Deposit Limits","#6 Player can close the Deposit Limits Edit modal","#6 Player can close the Deposit Limits Edit modal",""
"passed","Wed Feb 02 10:59:45 EET 2022","Wed Feb 02 11:00:00 EET 2022","15006","","My Account > Gambling Controls > Deposit Limits","","My Account > Gambling Controls > Deposit Limits","#21 Player can close 'History' modal.","#21 Player can close 'History' modal.",""
"passed","Wed Feb 02 11:00:48 EET 2022","Wed Feb 02 11:00:51 EET 2022","3730","","Registration > Step 2","","Registration > Step 2","#06 User cannot enter less that 2 characters into step 2 name input fields.","#06 User cannot enter less that 2 characters into step 2 name input fields.",""
"passed","Wed Feb 02 10:56:59 EET 2022","Wed Feb 02 10:57:11 EET 2022","12603","","My Account > Gambling Controls > Account Closure > Take A Break","","My Account > Gambling Controls > Account Closure > Take A Break","#8 Player can choose 1 week option for 'Take A Break' and this option should be selected.","#8 Player can choose 1 week option for 'Take A Break' and this option should be selected.",""
"passed","Wed Feb 02 10:58:14 EET 2022","Wed Feb 02 10:58:28 EET 2022","13626","","My Account > Gambling Controls > Account Closure > Take A Break","","My Account > Gambling Controls > Account Closure > Take A Break","#14 Player can continue with chosen 6 weeks option to 'Take A Break' and confirming modal should display.","#14 Player can continue with chosen 6 weeks option to 'Take A Break' and confirming modal should display.",""
"passed","Wed Feb 02 10:54:42 EET 2022","Wed Feb 02 10:54:53 EET 2022","10705","","Homepage","","Homepage","#9 Bonus amount is updated correctly in the dropdown details when bonus balance is adjusted","#9 Bonus amount is updated correctly in the dropdown details when bonus balance is adjusted",""
"passed","Wed Feb 02 11:06:21 EET 2022","Wed Feb 02 11:06:32 EET 2022","11200","","My Account > Settings > Change Password","","My Account > Settings > Change Password","#13 Player inputs into the password fields should be masked by default.","#13 Player inputs into the password fields should be masked by default.",""
"passed","Wed Feb 02 11:04:41 EET 2022","Wed Feb 02 11:04:59 EET 2022","17754","","Spin Zone functionality testing","","Spin Zone functionality testing","#5 Player can open 'Deposit' modal","#5 Player can open 'Deposit' modal",""
"passed","Wed Feb 02 10:53:30 EET 2022","Wed Feb 02 10:53:31 EET 2022","1798","","Expired Link Error","","Expired Link Error","#3 User can come to the Home page from ""Expired Link"" error page. ","#3 User can come to the Home page from ""Expired Link"" error page. ",""
"passed","Wed Feb 02 10:53:31 EET 2022","Wed Feb 02 10:53:33 EET 2022","1852","","Expired Link Error","","Expired Link Error","#4 User can click on Join button and see Register page. ","#4 User can click on Join button and see Register page. ",""
"passed","Wed Feb 02 10:58:44 EET 2022","Wed Feb 02 10:59:01 EET 2022","16650","","My Account > Gambling Controls > Deposit Limits","","My Account > Gambling Controls > Deposit Limits","#17 Player cannot set Deposit Limit higher than the maximum amount.","#17 Player cannot set Deposit Limit higher than the maximum amount.",""
"passed","Wed Feb 02 10:59:55 EET 2022","Wed Feb 02 11:00:10 EET 2022","14978","","Recover Password","","Recover Password","#05 Player receives 'Sent' success feedback on submitting a valid email address.","#05 Player receives 'Sent' success feedback on submitting a valid email address.",""
"failed","Wed Feb 02 11:04:46 EET 2022","Wed Feb 02 11:04:55 EET 2022","9595","","My Account -> Deposit","","My Account -> Deposit","#6 Check user is able to select PayPal payment method and is provided with the correct information for this payment method","#6 Check user is able to select PayPal payment method and is provided with the correct information for this payment method",""
"passed","Wed Feb 02 11:06:22 EET 2022","Wed Feb 02 11:06:34 EET 2022","12368","","My Account > Gambling Controls > Account Closure > Self Exclusion","","My Account > Gambling Controls > Account Closure > Self Exclusion","#15 Player can continue with chosen 2 years option to 'Self Exclusion' and confirming modal should display.","#15 Player can continue with chosen 2 years option to 'Self Exclusion' and confirming modal should display.",""
"passed","Wed Feb 02 11:03:42 EET 2022","Wed Feb 02 11:03:56 EET 2022","14145","","Spin Zone functionality testing","","Spin Zone functionality testing","#1 Player can see Menu button in the top left of the screen","#1 Player can see Menu button in the top left of the screen",""
"passed","Wed Feb 02 11:05:14 EET 2022","Wed Feb 02 11:05:29 EET 2022","14321","","My Profile > Communications Preferences","","My Profile > Communications Preferences","#8 Player can edit their preferences and select just the Phone toggle, which upon saving updates the account area accordingly","#8 Player can edit their preferences and select just the Phone toggle, which upon saving updates the account area accordingly",""
"passed","Wed Feb 02 10:57:03 EET 2022","Wed Feb 02 10:57:19 EET 2022","15889","","My Account > Gambling Controls > Deposit Limits","","My Account > Gambling Controls > Deposit Limits","#11 Player can successfully set a weekly deposit limit if not already set.","#11 Player can successfully set a weekly deposit limit if not already set.",""
"passed","Wed Feb 02 11:01:29 EET 2022","Wed Feb 02 11:01:36 EET 2022","7019","","Registration > Step 3","","Registration > Step 3","#08 User cannot enter invalid characters into the Address Line 2 field.","#08 User cannot enter invalid characters into the Address Line 2 field.",""
"passed","Wed Feb 02 10:53:39 EET 2022","Wed Feb 02 10:53:48 EET 2022","9369","","Inbox functionality testing","","Inbox functionality testing","#1 Unread message count is present on Inbox navigation bar icon if player has unread messages","#1 Unread message count is present on Inbox navigation bar icon if player has unread messages",""
"passed","Wed Feb 02 11:00:17 EET 2022","Wed Feb 02 11:00:32 EET 2022","14725","","My Account > Gambling Controls > Deposit Limits","","My Account > Gambling Controls > Deposit Limits","#23 Player can close 'How deposit limits work' modal.","#23 Player can close 'How deposit limits work' modal.",""
"passed","Wed Feb 02 11:00:40 EET 2022","Wed Feb 02 11:00:44 EET 2022","3255","","Registration > Step 2","","Registration > Step 2","#04 Last Name is a mandatory field.","#04 Last Name is a mandatory field.",""
"passed","Wed Feb 02 11:00:25 EET 2022","Wed Feb 02 11:00:28 EET 2022","3091","","Registration > Step 1","","Registration > Step 1","#12 User can successfully enter email address with local domain (.de).","#12 User can successfully enter email address with local domain (.de).",""
"passed","Wed Feb 02 10:53:40 EET 2022","Wed Feb 02 10:53:49 EET 2022","9385","","Homepage","","Homepage","#3 The detailed balance card is shown when the dropdown chevron is clicked","#3 The detailed balance card is shown when the dropdown chevron is clicked",""
"passed","Wed Feb 02 10:53:40 EET 2022","Wed Feb 02 10:53:44 EET 2022","4099","","Expired Link Error","","Expired Link Error","#8 User can enter an email and reset the password (Sent button with a tick will be displayed).","#8 User can enter an email and reset the password (Sent button with a tick will be displayed).",""
"passed","Wed Feb 02 10:54:18 EET 2022","Wed Feb 02 10:54:29 EET 2022","11119","","Homepage","","Homepage","#7 Balance preview updates correctly upon refresh when a users balance is adjusted","#7 Balance preview updates correctly upon refresh when a users balance is adjusted",""
"passed","Wed Feb 02 11:00:33 EET 2022","Wed Feb 02 11:00:36 EET 2022","2969","","Registration > Step 1","","Registration > Step 1","#28 User can enter valid details on Step 1 and progress to Step 2 of the registration process.","#28 User can enter valid details on Step 1 and progress to Step 2 of the registration process.",""
"passed","Wed Feb 02 10:53:23 EET 2022","Wed Feb 02 10:53:24 EET 2022","1260","","User come to the 'Planned Maintenance' error page","","User come to the 'Planned Maintenance' error page","#1 Content of ""Planned Maintenance"" error page","#1 Content of ""Planned Maintenance"" error page",""
"passed","Wed Feb 02 11:04:59 EET 2022","Wed Feb 02 11:05:12 EET 2022","13497","","Spin Zone functionality testing","","Spin Zone functionality testing","#6 Player can see total bonus balance","#6 Player can see total bonus balance",""
"passed","Wed Feb 02 10:56:06 EET 2022","Wed Feb 02 10:56:15 EET 2022","9403","","Inbox functionality testing","","Inbox functionality testing","#14 Unread message count is not present on Inbox navigation bar icon if player has no unread messages","#14 Unread message count is not present on Inbox navigation bar icon if player has no unread messages",""
"passed","Wed Feb 02 10:54:27 EET 2022","Wed Feb 02 10:54:32 EET 2022","5102","","Log In","","Log In","#03 Password field is a mandatory field.","#03 Password field is a mandatory field.",""
"passed","Wed Feb 02 11:05:00 EET 2022","Wed Feb 02 11:05:11 EET 2022","11700","","My Account > Settings > Change Password","","My Account > Settings > Change Password","#06 Player is displayed with the password requirements when they start to enter a new password.","#06 Player is displayed with the password requirements when they start to enter a new password.",""
"passed","Wed Feb 02 11:04:10 EET 2022","Wed Feb 02 11:04:22 EET 2022","12356","","My Account > Settings > Change Password","","My Account > Settings > Change Password","#02 Current Password is a mandatory field.","#02 Current Password is a mandatory field.",""
"passed","Wed Feb 02 11:00:51 EET 2022","Wed Feb 02 11:00:55 EET 2022","3656","","Registration > Step 2","","Registration > Step 2","#07 User cannot enter numbers into step 2 name input fields.","#07 User cannot enter numbers into step 2 name input fields.",""
"passed","Wed Feb 02 10:59:50 EET 2022","Wed Feb 02 10:59:53 EET 2022","2973","","Registration > Step 1","","Registration > Step 1","#02 Email Address is a mandatory field.","#02 Email Address is a mandatory field.",""
"passed","Wed Feb 02 10:54:22 EET 2022","Wed Feb 02 10:54:27 EET 2022","4622","","Log In","","Log In","#02 Email Address is a mandatory field.","#02 Email Address is a mandatory field.",""
"passed","Wed Feb 02 11:01:27 EET 2022","Wed Feb 02 11:01:39 EET 2022","11881","","Registration > Step 4","","Registration > Step 4","#10 User can click and view the T&Cs.","#10 User can click and view the T&Cs.",""
"passed","Wed Feb 02 10:53:59 EET 2022","Wed Feb 02 10:54:06 EET 2022","7325","","Home page => Responsible Gambling page","","Home page => Responsible Gambling page","#0 User can come to the Responsible Gambling page","#0 User can come to the Responsible Gambling page",""
"passed","Wed Feb 02 10:55:38 EET 2022","Wed Feb 02 10:55:54 EET 2022","15921","","My Account > Gambling Controls > Play Reminders","","My Account > Gambling Controls > Play Reminders","#3 Player can cancel out of the 'Time Limit' modal.","#3 Player can cancel out of the 'Time Limit' modal.",""
"passed","Wed Feb 02 11:03:45 EET 2022","Wed Feb 02 11:04:02 EET 2022","17347","","Footer functionality testing","","Footer functionality testing","#4 Player can see safer gambling logos","#4 Player can see safer gambling logos",""
"passed","Wed Feb 02 11:01:09 EET 2022","Wed Feb 02 11:01:16 EET 2022","7014","","Registration > Step 3","","Registration > Step 3","#04 City field is a mandatory field.","#04 City field is a mandatory field.",""
"passed","Wed Feb 02 11:00:59 EET 2022","Wed Feb 02 11:01:02 EET 2022","3515","","Registration > Step 2","","Registration > Step 2","#11 User can enter valid details on Step 2 and progress to Step 3 of the registration process.","#11 User can enter valid details on Step 2 and progress to Step 3 of the registration process.",""
"passed","Wed Feb 02 11:04:40 EET 2022","Wed Feb 02 11:04:52 EET 2022","11905","","My Account > Gambling Controls > Account Closure > Self Exclusion","","My Account > Gambling Controls > Account Closure > Self Exclusion","#7 Player can choose 6 months option for 'Self Exclusion' and this option should be selected.","#7 Player can choose 6 months option for 'Self Exclusion' and this option should be selected.",""
"passed","Wed Feb 02 10:54:37 EET 2022","Wed Feb 02 10:54:42 EET 2022","4710","","Log In","","Log In","#05 Player can close the login modal.","#05 Player can close the login modal.",""
"skipped","Wed Feb 02 10:56:33 EET 2022","Wed Feb 02 10:56:33 EET 2022","2","","My Account > Gambling Controls > Account Closure > Take A Break","","My Account > Gambling Controls > Account Closure > Take A Break","#4 Player cannot continue with 'Take A Break' if a reason is not selected.","#4 Player cannot continue with 'Take A Break' if a reason is not selected.",""
"passed","Wed Feb 02 10:54:31 EET 2022","Wed Feb 02 10:54:42 EET 2022","10963","","Logout","","Logout","#02 Player is logged out of site if clearing there cookies.","#02 Player is logged out of site if clearing there cookies.",""
"passed","Wed Feb 02 11:01:06 EET 2022","Wed Feb 02 11:01:14 EET 2022","7628","","Registration > Step 4","","Registration > Step 4","#06 User can opt in to receive Post marketing preferences.","#06 User can opt in to receive Post marketing preferences.",""
"passed","Wed Feb 02 10:55:35 EET 2022","Wed Feb 02 10:55:47 EET 2022","11841","","Inbox functionality testing","","Inbox functionality testing","#11 Player can delete a message using the message options, removing it from the list","#11 Player can delete a message using the message options, removing it from the list",""
"passed","Wed Feb 02 10:54:41 EET 2022","Wed Feb 02 10:54:56 EET 2022","14801","","My Account > Gambling Controls > Deposit Limits","","My Account > Gambling Controls > Deposit Limits","#1 Player can view their deposit limits.","#1 Player can view their deposit limits.",""
"passed","Wed Feb 02 10:55:23 EET 2022","Wed Feb 02 10:55:37 EET 2022","14470","","My Account > Gambling Controls > Deposit Limits","","My Account > Gambling Controls > Deposit Limits","#4 Player can cancel out of the Deposit Limits modal.","#4 Player can cancel out of the Deposit Limits modal.",""
"passed","Wed Feb 02 11:02:18 EET 2022","Wed Feb 02 11:02:25 EET 2022","6274","","Registration > Step 4","","Registration > Step 4","#05 User can opt in to receive SMS marketing preferences.","#05 User can opt in to receive SMS marketing preferences.",""
"passed","Wed Feb 02 10:56:05 EET 2022","Wed Feb 02 10:56:18 EET 2022","12563","","My Account > Gambling Controls > Deposit Limits","","My Account > Gambling Controls > Deposit Limits","#7 Player can open the Deposit Limits Delete modal on delete icon click.","#7 Player can open the Deposit Limits Delete modal on delete icon click.",""
"passed","Wed Feb 02 10:57:19 EET 2022","Wed Feb 02 10:57:35 EET 2022","16236","","My Account > Gambling Controls > Deposit Limits","","My Account > Gambling Controls > Deposit Limits","#12 Player can successfully set a monthly deposit limit if not already set.","#12 Player can successfully set a monthly deposit limit if not already set.",""
"passed","Wed Feb 02 10:58:25 EET 2022","Wed Feb 02 10:58:44 EET 2022","18491","","My Account > Gambling Controls > Deposit Limits","","My Account > Gambling Controls > Deposit Limits","#16 Player cannot set Deposit Limit lower than the minimum amount.","#16 Player cannot set Deposit Limit lower than the minimum amount.",""
"passed","Wed Feb 02 10:55:07 EET 2022","Wed Feb 02 10:55:23 EET 2022","15887","","My Account > Gambling Controls > Deposit Limits","","My Account > Gambling Controls > Deposit Limits","#3 Player can close the Deposit Limits modal.","#3 Player can close the Deposit Limits modal.",""
"passed","Wed Feb 02 11:03:42 EET 2022","Wed Feb 02 11:03:45 EET 2022","3158","","Footer functionality testing","","Footer functionality testing","#3 Player can see partners logos","#3 Player can see partners logos",""
"passed","Wed Feb 02 10:56:18 EET 2022","Wed Feb 02 10:56:40 EET 2022","22226","","My Account > Gambling Controls > Loss Limits","","My Account > Gambling Controls > Loss Limits","#6 User can successfully update their loss limits in the Loss Limits Delete modal ","#6 User can successfully update their loss limits in the Loss Limits Delete modal ",""
"passed","Wed Feb 02 10:56:18 EET 2022","Wed Feb 02 10:56:33 EET 2022","14689","","My Account > Gambling Controls > Account Closure > Take A Break","","My Account > Gambling Controls > Account Closure > Take A Break","#3 Player can press 'Back' button of the 'Take A Break' modal.","#3 Player can press 'Back' button of the 'Take A Break' modal.",""
"passed","Wed Feb 02 11:05:11 EET 2022","Wed Feb 02 11:05:23 EET 2022","11935","","My Account > Settings > Change Password","","My Account > Settings > Change Password","#07 New password must contain a number.","#07 New password must contain a number.",""
"passed","Wed Feb 02 11:01:50 EET 2022","Wed Feb 02 11:01:56 EET 2022","6595","","Registration > Step 3","","Registration > Step 3","#14 User can enter valid details on Step 3 and progress to Step 4 of the registration process.","#14 User can enter valid details on Step 3 and progress to Step 4 of the registration process.",""
"passed","Wed Feb 02 10:59:58 EET 2022","Wed Feb 02 11:00:04 EET 2022","6266","","Registration > Step 1","","Registration > Step 1","#04 User can select the 'Recover' button on the 'Account already exists' drawer and is displayed the Recover Password form.","#04 User can select the 'Recover' button on the 'Account already exists' drawer and is displayed the Recover Password form.",""
"passed","Wed Feb 02 11:04:35 EET 2022","Wed Feb 02 11:04:46 EET 2022","11115","","My Account -> Deposit","","My Account -> Deposit","#5 Check user is able to select Phone payment method and is provided with the correct information for this payment method","#5 Check user is able to select Phone payment method and is provided with the correct information for this payment method",""
"passed","Wed Feb 02 10:54:56 EET 2022","Wed Feb 02 10:55:07 EET 2022","10726","","My Account > Gambling Controls > Deposit Limits","","My Account > Gambling Controls > Deposit Limits","#2 Player is displayed 'Set Deposit Limit' text if no deposit limits are set.","#2 Player is displayed 'Set Deposit Limit' text if no deposit limits are set.",""
"passed","Wed Feb 02 10:54:17 EET 2022","Wed Feb 02 10:54:31 EET 2022","14195","","Logout","","Logout","#01 Player can successfully logout.","#01 Player can successfully logout.",""
"passed","Wed Feb 02 11:04:33 EET 2022","Wed Feb 02 11:04:45 EET 2022","11736","","My Account > Settings > Change Password","","My Account > Settings > Change Password","#04 Player cannot submit the Change Password form with blank details.","#04 Player cannot submit the Change Password form with blank details.",""
"passed","Wed Feb 02 10:57:38 EET 2022","Wed Feb 02 10:57:57 EET 2022","19487","","My Account > Gambling Controls > Loss Limits","","My Account > Gambling Controls > Loss Limits","#10 User can successfully set a monthly loss limit if not already set ","#10 User can successfully set a monthly loss limit if not already set ",""
"passed","Wed Feb 02 10:53:41 EET 2022","Wed Feb 02 10:53:48 EET 2022","7754","","Home page => Privacy Policy page","","Home page => Privacy Policy page","#1 User can come to the Eyas Gaming page from Privacy Policy page","#1 User can come to the Eyas Gaming page from Privacy Policy page",""
"passed","Wed Feb 02 10:57:18 EET 2022","Wed Feb 02 10:57:38 EET 2022","19454","","My Account > Gambling Controls > Loss Limits","","My Account > Gambling Controls > Loss Limits","#9 User can successfully set a weekly loss limit if not already set ","#9 User can successfully set a weekly loss limit if not already set ",""
"passed","Wed Feb 02 11:01:16 EET 2022","Wed Feb 02 11:01:23 EET 2022","6566","","Registration > Step 3","","Registration > Step 3","#06 Post Code field is a mandatory field.","#06 Post Code field is a mandatory field.",""
"passed","Wed Feb 02 10:59:53 EET 2022","Wed Feb 02 10:59:58 EET 2022","4701","","Registration > Step 1","","Registration > Step 1","#03 User is prompted with the 'Account already exists' drawer if they enter an email address that already exists.","#03 User is prompted with the 'Account already exists' drawer if they enter an email address that already exists.",""
"passed","Wed Feb 02 11:00:10 EET 2022","Wed Feb 02 11:00:21 EET 2022","10640","","Recover Password","","Recover Password","#06 Recover Password button displays 'Re-Send Email' text after a successful first attempt.","#06 Recover Password button displays 'Re-Send Email' text after a successful first attempt.",""
"passed","Wed Feb 02 10:57:11 EET 2022","Wed Feb 02 10:57:23 EET 2022","11643","","My Account > Gambling Controls > Account Closure > Take A Break","","My Account > Gambling Controls > Account Closure > Take A Break","#9 Player can choose 3 weeks option for 'Take A Break' and this option should be selected.","#9 Player can choose 3 weeks option for 'Take A Break' and this option should be selected.",""
"passed","Wed Feb 02 11:00:36 EET 2022","Wed Feb 02 11:00:40 EET 2022","4667","","Registration > Step 2","","Registration > Step 2","#03 First Name is a mandatory field.","#03 First Name is a mandatory field.",""
"passed","Wed Feb 02 10:57:35 EET 2022","Wed Feb 02 10:57:49 EET 2022","13494","","My Account > Gambling Controls > Account Closure > Take A Break","","My Account > Gambling Controls > Account Closure > Take A Break","#11 Player can continue with chosen 24 hours option to 'Take A Break' and confirming modal should display.","#11 Player can continue with chosen 24 hours option to 'Take A Break' and confirming modal should display.",""
"passed","Wed Feb 02 11:06:32 EET 2022","Wed Feb 02 11:06:47 EET 2022","14566","","My Account > Settings > Change Password","","My Account > Settings > Change Password","#14 Player should be able to show/hide their inputs into the password fields.","#14 Player should be able to show/hide their inputs into the password fields.",""
"passed","Wed Feb 02 10:55:54 EET 2022","Wed Feb 02 10:56:08 EET 2022","13711","","My Account > Gambling Controls > Play Reminders","","My Account > Gambling Controls > Play Reminders","#4 Player cannot continue with 'Time Limit' if a limit is not selected.","#4 Player cannot continue with 'Time Limit' if a limit is not selected.",""
"passed","Wed Feb 02 10:59:33 EET 2022","Wed Feb 02 10:59:45 EET 2022","12024","","My Account > Gambling Controls > Deposit Limits","","My Account > Gambling Controls > Deposit Limits","#20 Player can open 'History' modal.","#20 Player can open 'History' modal.",""
"passed","Wed Feb 02 11:03:59 EET 2022","Wed Feb 02 11:04:14 EET 2022","14742","","My Account -> Deposit","","My Account -> Deposit","#2 Check user is able to exit out of the deposit modal using the x button","#2 Check user is able to exit out of the deposit modal using the x button",""
"passed","Wed Feb 02 11:01:36 EET 2022","Wed Feb 02 11:01:43 EET 2022","7028","","Registration > Step 3","","Registration > Step 3","#09 User cannot enter invalid characters into the City field.","#09 User cannot enter invalid characters into the City field.",""
"passed","Wed Feb 02 10:56:15 EET 2022","Wed Feb 02 10:56:24 EET 2022","8322","","Inbox functionality testing","","Inbox functionality testing","#15 Player is presented with an Empty Inbox image if the Inbox is empty (rather than a heading & message list)","#15 Player is presented with an Empty Inbox image if the Inbox is empty (rather than a heading & message list)",""
"passed","Wed Feb 02 10:56:58 EET 2022","Wed Feb 02 10:57:18 EET 2022","19683","","My Account > Gambling Controls > Loss Limits","","My Account > Gambling Controls > Loss Limits","#8 User can successfully set a daily loss limit if not already set ","#8 User can successfully set a daily loss limit if not already set ",""
"passed","Wed Feb 02 10:57:53 EET 2022","Wed Feb 02 10:58:07 EET 2022","14593","","My Profile > Contact Details","","My Profile > Contact Details","# Player can select to edit their telephone number and close the modal to cancel out of the process.","# Player can select to edit their telephone number and close the modal to cancel out of the process.",""
"passed","Wed Feb 02 11:06:46 EET 2022","Wed Feb 02 11:07:01 EET 2022","14492","","My Account > Gambling Controls > Account Closure > Self Exclusion","","My Account > Gambling Controls > Account Closure > Self Exclusion","#17 Player can press 'BACK' for confirmating modal after chosen for 6 months 'Self Exclusion' and should return to previous step.","#17 Player can press 'BACK' for confirmating modal after chosen for 6 months 'Self Exclusion' and should return to previous step.",""
"passed","Wed Feb 02 11:01:06 EET 2022","Wed Feb 02 11:01:09 EET 2022","3658","","Registration > Step 2","","Registration > Step 2","13 User is required to be 18 or over.","13 User is required to be 18 or over.",""
"passed","Wed Feb 02 10:56:33 EET 2022","Wed Feb 02 10:56:48 EET 2022","15275","","My Account > Gambling Controls > Deposit Limits","","My Account > Gambling Controls > Deposit Limits","#9 Player can successfully update a daily deposit limit in the Deposit Limits Delete modal","#9 Player can successfully update a daily deposit limit in the Deposit Limits Delete modal",""
"passed","Wed Feb 02 11:04:31 EET 2022","Wed Feb 02 11:04:46 EET 2022","14731","","My Profile > Communications Preferences","","My Profile > Communications Preferences","#5 Player can edit their preferences and select just the email toggle, which upon saving updates the account area accordingly","#5 Player can edit their preferences and select just the email toggle, which upon saving updates the account area accordingly",""
"passed","Wed Feb 02 11:05:47 EET 2022","Wed Feb 02 11:06:05 EET 2022","18063","","My Profile > Communications Preferences","","My Profile > Communications Preferences","#10 Player can unselect just email preferences using the email toggle (email already toggled on), which upon saving updates the account area accordingly","#10 Player can unselect just email preferences using the email toggle (email already toggled on), which upon saving updates the account area accordingly",""
"passed","Wed Feb 02 10:54:57 EET 2022","Wed Feb 02 10:55:06 EET 2022","9343","","Inbox functionality testing","","Inbox functionality testing","#8 Player with 15 or more messages, view more button is shown","#8 Player with 15 or more messages, view more button is shown",""
"passed","Wed Feb 02 10:53:24 EET 2022","Wed Feb 02 10:53:25 EET 2022","1114","","User come to the 'Planned Maintenance' error page","","User come to the 'Planned Maintenance' error page","#2 User can come to the Home page from ""Planned Maintenance"" error page","#2 User can come to the Home page from ""Planned Maintenance"" error page",""
"passed","Wed Feb 02 10:55:21 EET 2022","Wed Feb 02 10:55:41 EET 2022","20570","","My Account > Gambling Controls > Loss Limits","","My Account > Gambling Controls > Loss Limits","#3 User can close the Loss Limits Edit modal","#3 User can close the Loss Limits Edit modal",""
"passed","Wed Feb 02 10:55:10 EET 2022","Wed Feb 02 10:55:19 EET 2022","9264","","Homepage","","Homepage","#12 Balance preview correctly displays £0.00 if user has no balance","#12 Balance preview correctly displays £0.00 if user has no balance",""
"passed","Wed Feb 02 10:59:45 EET 2022","Wed Feb 02 10:59:50 EET 2022","4764","","Registration > Step 1","","Registration > Step 1","#01.1 User can leave the registration process by clicking the Home link and click 'Yes I want to leave'.","#01.1 User can leave the registration process by clicking the Home link and click 'Yes I want to leave'.",""
"passed","Wed Feb 02 11:05:23 EET 2022","Wed Feb 02 11:05:35 EET 2022","12221","","My Account > Settings > Change Password","","My Account > Settings > Change Password","#08 New password must contain a combination of upper and lower case letters (all upper case).","#08 New password must contain a combination of upper and lower case letters (all upper case).",""
"passed","Wed Feb 02 10:55:06 EET 2022","Wed Feb 02 10:55:16 EET 2022","10101","","Inbox functionality testing","","Inbox functionality testing","#9 Player is presented with an updated list of messages when clicking view more button","#9 Player is presented with an updated list of messages when clicking view more button",""
"passed","Wed Feb 02 11:00:27 EET 2022","Wed Feb 02 11:00:46 EET 2022","18411","","My Account > Gambling Controls > Loss Limits","","My Account > Gambling Controls > Loss Limits","#18 User can close 'How loss limits work' modal. ","#18 User can close 'How loss limits work' modal. ",""
"passed","Wed Feb 02 11:02:09 EET 2022","Wed Feb 02 11:02:15 EET 2022","6413","","Registration > Step 3","","Registration > Step 3","#16 Phone Number will display an error when entering non-numeric values into input.","#16 Phone Number will display an error when entering non-numeric values into input.",""
"passed","Wed Feb 02 10:56:02 EET 2022","Wed Feb 02 10:56:18 EET 2022","15678","","My Account > Gambling Controls > Account Closure > Take A Break","","My Account > Gambling Controls > Account Closure > Take A Break","#2 Player can close the take a break modal.","#2 Player can close the take a break modal.",""
"passed","Wed Feb 02 10:54:11 EET 2022","Wed Feb 02 10:54:15 EET 2022","4117","","Home => Terms & Conditions","","Home => Terms & Conditions","#2 User can come to the privacy policy page from terms and conditions page","#2 User can come to the privacy policy page from terms and conditions page",""
"passed","Wed Feb 02 10:54:19 EET 2022","Wed Feb 02 10:54:23 EET 2022","4769","","Home page => Responsible Gambling page","","Home page => Responsible Gambling page","#3 User can come to the Gamble Stop page from Responsible Gambling page","#3 User can come to the Gamble Stop page from Responsible Gambling page",""
"passed","Wed Feb 02 11:06:34 EET 2022","Wed Feb 02 11:06:46 EET 2022","12055","","My Account > Gambling Controls > Account Closure > Self Exclusion","","My Account > Gambling Controls > Account Closure > Self Exclusion","#16 Player can continue with chosen 5 years option to 'Self Exclusion' and confirming modal should display.","#16 Player can continue with chosen 5 years option to 'Self Exclusion' and confirming modal should display.",""
"passed","Wed Feb 02 10:57:57 EET 2022","Wed Feb 02 10:58:17 EET 2022","19605","","My Account > Gambling Controls > Loss Limits","","My Account > Gambling Controls > Loss Limits","#11 User can successfully set their Loss Limit to the minimum allowed value and will receive a success toast on submitting the new amount. ","#11 User can successfully set their Loss Limit to the minimum allowed value and will receive a success toast on submitting the new amount. ",""
"passed","Wed Feb 02 10:53:49 EET 2022","Wed Feb 02 10:54:00 EET 2022","10766","","Homepage","","Homepage","#4 The details balance card is dismissed when the user clicks it","#4 The details balance card is dismissed when the user clicks it",""
"passed","Wed Feb 02 10:54:57 EET 2022","Wed Feb 02 10:55:02 EET 2022","4521","","Log In","","Log In","#13 Player should be able to show/hide their input into the Password field.","#13 Player should be able to show/hide their input into the Password field.",""
"passed","Wed Feb 02 10:58:28 EET 2022","Wed Feb 02 10:58:42 EET 2022","14256","","My Account > Gambling Controls > Account Closure > Take A Break","","My Account > Gambling Controls > Account Closure > Take A Break","#15 Player can choose to view the 'Self Exclusion' service from the 'Take A Break' modal.","#15 Player can choose to view the 'Self Exclusion' service from the 'Take A Break' modal.",""
"passed","Wed Feb 02 10:58:33 EET 2022","Wed Feb 02 10:58:47 EET 2022","14202","","My Profile > Contact Details","","My Profile > Contact Details","#06 Player can update country code number.","#06 Player can update country code number.",""
"passed","Wed Feb 02 10:53:35 EET 2022","Wed Feb 02 10:53:37 EET 2022","1749","","Expired Link Error","","Expired Link Error","#6 User can click on Recover Password button and see Reset your password window ","#6 User can click on Recover Password button and see Reset your password window ",""
"passed","Wed Feb 02 10:54:10 EET 2022","Wed Feb 02 10:54:18 EET 2022","8510","","Homepage","","Homepage","#6 The details balance card is dismissed when the user clicks and drags the footer","#6 The details balance card is dismissed when the user clicks and drags the footer",""
"passed","Wed Feb 02 11:01:43 EET 2022","Wed Feb 02 11:01:50 EET 2022","6193","","Registration > Step 3","","Registration > Step 3","#11 User cannot enter invalid characters into the Post Code field.","#11 User cannot enter invalid characters into the Post Code field.",""
"passed","Wed Feb 02 11:03:55 EET 2022","Wed Feb 02 11:04:06 EET 2022","11252","","My Profile > Communications Preferences","","My Profile > Communications Preferences","#2 Player can edit their preferences and exit using the x close button within the modal discarding changes","#2 Player can edit their preferences and exit using the x close button within the modal discarding changes",""
"passed","Wed Feb 02 10:53:20 EET 2022","Wed Feb 02 10:53:23 EET 2022","2788","","User come to the 'Planned Maintenance' error page","","User come to the 'Planned Maintenance' error page","#0 User come to the ""Planned Maintenance"" error page","#0 User come to the ""Planned Maintenance"" error page",""
"passed","Wed Feb 02 10:54:01 EET 2022","Wed Feb 02 10:54:12 EET 2022","11058","","Inbox functionality testing","","Inbox functionality testing","#3 New messages are marked with a NEW message sticker","#3 New messages are marked with a NEW message sticker",""
"passed","Wed Feb 02 10:55:41 EET 2022","Wed Feb 02 10:55:58 EET 2022","16641","","My Account > Gambling Controls > Loss Limits","","My Account > Gambling Controls > Loss Limits","#4 User can open the Loss Limits Delete modal on delete icon click ","#4 User can open the Loss Limits Delete modal on delete icon click ",""
"passed","Wed Feb 02 10:55:41 EET 2022","Wed Feb 02 10:56:02 EET 2022","21186","","My Account > Gambling Controls > Account Closure > Take A Break","","My Account > Gambling Controls > Account Closure > Take A Break","#1 Player can select take a break menu item from 'Account Closure' and Take A Break contain is displayed.","#1 Player can select take a break menu item from 'Account Closure' and Take A Break contain is displayed.",""
"passed","Wed Feb 02 11:05:27 EET 2022","Wed Feb 02 11:05:38 EET 2022","10925","","My Account > Gambling Controls > Account Closure > Self Exclusion","","My Account > Gambling Controls > Account Closure > Self Exclusion","#11 Player can choose 5 years option for 'Self Exclusion' and this option should be selected.","#11 Player can choose 5 years option for 'Self Exclusion' and this option should be selected.",""
"passed","Wed Feb 02 11:01:20 EET 2022","Wed Feb 02 11:01:27 EET 2022","6539","","Registration > Step 4","","Registration > Step 4","#08 User can overwrite Select All option and de-select a preference.","#08 User can overwrite Select All option and de-select a preference.",""
"passed","Wed Feb 02 11:05:47 EET 2022","Wed Feb 02 11:05:58 EET 2022","11496","","My Account > Settings > Change Password","","My Account > Settings > Change Password","#10 New password must contain a minimum of 8 characters.","#10 New password must contain a minimum of 8 characters.",""
"passed","Wed Feb 02 10:54:07 EET 2022","Wed Feb 02 10:54:11 EET 2022","3738","","Home page => Privacy Policy page","","Home page => Privacy Policy page","#4 User can come to the ICO(Information Commissioner's office) page from Privacy Policy page","#4 User can come to the ICO(Information Commissioner's office) page from Privacy Policy page",""
"passed","Wed Feb 02 11:00:10 EET 2022","Wed Feb 02 11:00:17 EET 2022","6606","","Registration > Step 1","","Registration > Step 1","#06 User can not register with an email address that already exists.","#06 User can not register with an email address that already exists.",""
"passed","Wed Feb 02 10:56:56 EET 2022","Wed Feb 02 10:57:07 EET 2022","10700","","My Account > Gambling Controls > Play Reminders","","My Account > Gambling Controls > Play Reminders","#8 Player can successfully delete their 'Time Limit' on delete icon click.","#8 Player can successfully delete their 'Time Limit' on delete icon click.",""
"passed","Wed Feb 02 10:56:48 EET 2022","Wed Feb 02 10:57:03 EET 2022","14878","","My Account > Gambling Controls > Deposit Limits","","My Account > Gambling Controls > Deposit Limits","#10 Player can successfully set a daily deposit limit if not already set.","#10 Player can successfully set a daily deposit limit if not already set.",""
"passed","Wed Feb 02 10:55:58 EET 2022","Wed Feb 02 10:56:18 EET 2022","20037","","My Account > Gambling Controls > Loss Limits","","My Account > Gambling Controls > Loss Limits","#5 User can close the Loss Limits Delete modal ","#5 User can close the Loss Limits Delete modal ",""
"passed","Wed Feb 02 11:04:02 EET 2022","Wed Feb 02 11:04:05 EET 2022","2929","","Footer functionality testing","","Footer functionality testing","#5 Player can see legal and company information","#5 Player can see legal and company information",""
"passed","Wed Feb 02 10:53:38 EET 2022","Wed Feb 02 10:53:43 EET 2022","5267","","404 error page functionality testing.","","404 error page functionality testing.","#5 Player can click ""Login"" button, open login window and successfully login.","#5 Player can click ""Login"" button, open login window and successfully login.",""
"passed","Wed Feb 02 11:00:22 EET 2022","Wed Feb 02 11:00:25 EET 2022","3389","","Registration > Step 1","","Registration > Step 1","#11 User can successfully enter email address with a combination of valid symbols, numbers and letters.","#11 User can successfully enter email address with a combination of valid symbols, numbers and letters.",""
"passed","Wed Feb 02 11:03:59 EET 2022","Wed Feb 02 11:04:13 EET 2022","14453","","My Account > Gambling Controls > Account Closure > Self Exclusion","","My Account > Gambling Controls > Account Closure > Self Exclusion","#2 Player can close the 'Self Exclusion' modal.","#2 Player can close the 'Self Exclusion' modal.",""
"passed","Wed Feb 02 10:56:39 EET 2022","Wed Feb 02 10:56:56 EET 2022","16563","","My Account > Gambling Controls > Play Reminders","","My Account > Gambling Controls > Play Reminders","#7 Player can successfully edit their 'Time Limit'.","#7 Player can successfully edit their 'Time Limit'.",""
"passed","Wed Feb 02 10:54:34 EET 2022","Wed Feb 02 10:54:42 EET 2022","8713","","Home => Terms & Conditions","","Home => Terms & Conditions","#6 User can come to the GamCare page from terms and conditions page","#6 User can come to the GamCare page from terms and conditions page",""
"passed","Wed Feb 02 11:02:15 EET 2022","Wed Feb 02 11:02:20 EET 2022","5286","","Registration > Step 3","","Registration > Step 3","#17 User cannot enter spaces into Phone Number field.","#17 User cannot enter spaces into Phone Number field.",""
"passed","Wed Feb 02 11:01:51 EET 2022","Wed Feb 02 11:01:58 EET 2022","7642","","Registration > Step 4","","Registration > Step 4","#12 User can click on confirm checkbox and click success registration button.","#12 User can click on confirm checkbox and click success registration button.",""
"passed","Wed Feb 02 11:01:58 EET 2022","Wed Feb 02 11:02:06 EET 2022","7205","","Registration > Step 4","","Registration > Step 4","#13 User doesn`t click on confirm checkbox, tries to click success registration button and error text is shown.","#13 User doesn`t click on confirm checkbox, tries to click success registration button and error text is shown.",""
"passed","Wed Feb 02 11:01:02 EET 2022","Wed Feb 02 11:01:09 EET 2022","6744","","Registration > Step 3","","Registration > Step 3","#03 Address Line 1 field is a mandatory field.","#03 Address Line 1 field is a mandatory field.",""
"passed","Wed Feb 02 11:06:20 EET 2022","Wed Feb 02 11:06:35 EET 2022","15046","","My Profile > Communications Preferences","","My Profile > Communications Preferences","#12 Player can uneselect just phone preferences using the phone toggle (phone already toggled on), which upon saving updates the account area accordingly","#12 Player can uneselect just phone preferences using the phone toggle (phone already toggled on), which upon saving updates the account area accordingly",""
"passed","Wed Feb 02 10:55:27 EET 2022","Wed Feb 02 10:55:34 EET 2022","7577","","Homepage","","Homepage","#14 Casino amount does not display when total bonus amount is zero and displays correct total balance of £0.00","#14 Casino amount does not display when total bonus amount is zero and displays correct total balance of £0.00",""
"passed","Wed Feb 02 11:05:06 EET 2022","Wed Feb 02 11:05:30 EET 2022","23820","","My Account -> Deposit","","My Account -> Deposit","#8 Check user is displayed with a declined modal when safecharge returns a declined response","#8 Check user is displayed with a declined modal when safecharge returns a declined response",""
"passed","Wed Feb 02 10:57:38 EET 2022","Wed Feb 02 10:57:53 EET 2022","15212","","My Profile > Contact Details","","My Profile > Contact Details","#03 Player can select to edit their telephone number and cancel out of the modal.","#03 Player can select to edit their telephone number and cancel out of the modal.",""
"passed","Wed Feb 02 10:55:19 EET 2022","Wed Feb 02 10:55:27 EET 2022","7996","","Homepage","","Homepage","#13 Balance details still correctly display balance of £0.00 if user has no cash balance","#13 Balance details still correctly display balance of £0.00 if user has no cash balance",""
